{
    "Logistic Regression": {
        "accuracy": 0.8376623376623377,
        "precision": 0.836387465745264,
        "recall": 0.8376623376623377,
        "f1_score": 0.7474747474747475,
        "roc_auc": 0.9262962962962963,
        "roc_curve": {
            "fpr": [
                0.0,
                0.0,
                0.0,
                0.01,
                0.01,
                0.02,
                0.02,
                0.03,
                0.03,
                0.04,
                0.04,
                0.05,
                0.05,
                0.07,
                0.07,
                0.08,
                0.08,
                0.09,
                0.09,
                0.11,
                0.11,
                0.12,
                0.12,
                0.13,
                0.13,
                0.15,
                0.15,
                0.17,
                0.17,
                0.27,
                0.27,
                0.31,
                0.31,
                0.32,
                0.32,
                0.41,
                0.41,
                0.45,
                0.45,
                1.0
            ],
            "tpr": [
                0.0,
                0.018518518518518517,
                0.14814814814814814,
                0.14814814814814814,
                0.48148148148148145,
                0.48148148148148145,
                0.5370370370370371,
                0.5370370370370371,
                0.5925925925925926,
                0.5925925925925926,
                0.6111111111111112,
                0.6111111111111112,
                0.6481481481481481,
                0.6481481481481481,
                0.6666666666666666,
                0.6666666666666666,
                0.7037037037037037,
                0.7037037037037037,
                0.7222222222222222,
                0.7222222222222222,
                0.8148148148148148,
                0.8148148148148148,
                0.8333333333333334,
                0.8333333333333334,
                0.8518518518518519,
                0.8518518518518519,
                0.8703703703703703,
                0.8703703703703703,
                0.8888888888888888,
                0.8888888888888888,
                0.9074074074074074,
                0.9074074074074074,
                0.9444444444444444,
                0.9444444444444444,
                0.9629629629629629,
                0.9629629629629629,
                0.9814814814814815,
                0.9814814814814815,
                1.0,
                1.0
            ]
        },
        "confusion_matrix": [
            [
                92,
                8
            ],
            [
                17,
                37
            ]
        ]
    },
    "Random Forest": {
        "accuracy": 0.8766233766233766,
        "precision": 0.8761636271443856,
        "recall": 0.8766233766233766,
        "f1_score": 0.822429906542056,
        "roc_auc": 0.9381481481481482,
        "roc_curve": {
            "fpr": [
                0.0,
                0.0,
                0.0,
                0.0,
                0.0,
                0.01,
                0.01,
                0.02,
                0.02,
                0.03,
                0.03,
                0.04,
                0.04,
                0.04,
                0.04,
                0.04,
                0.05,
                0.07,
                0.08,
                0.08,
                0.1,
                0.12,
                0.12,
                0.13,
                0.14,
                0.16,
                0.17,
                0.18,
                0.2,
                0.22,
                0.24,
                0.25,
                0.25,
                0.29,
                0.3,
                0.34,
                0.35,
                0.39,
                0.43,
                0.44,
                0.48,
                0.49,
                0.52,
                0.6,
                0.62,
                0.66,
                0.67,
                0.69,
                0.73,
                0.75,
                0.84,
                0.86,
                0.89,
                0.91,
                1.0
            ],
            "tpr": [
                0.0,
                0.018518518518518517,
                0.05555555555555555,
                0.09259259259259259,
                0.12962962962962962,
                0.16666666666666666,
                0.3148148148148148,
                0.35185185185185186,
                0.46296296296296297,
                0.46296296296296297,
                0.5555555555555556,
                0.5555555555555556,
                0.6111111111111112,
                0.6666666666666666,
                0.6851851851851852,
                0.7222222222222222,
                0.7407407407407407,
                0.7592592592592593,
                0.7592592592592593,
                0.8148148148148148,
                0.8148148148148148,
                0.8333333333333334,
                0.8703703703703703,
                0.8888888888888888,
                0.8888888888888888,
                0.8888888888888888,
                0.9444444444444444,
                0.9444444444444444,
                0.9444444444444444,
                0.9444444444444444,
                0.9444444444444444,
                0.9444444444444444,
                0.9629629629629629,
                0.9629629629629629,
                0.9629629629629629,
                0.9629629629629629,
                0.9814814814814815,
                0.9814814814814815,
                0.9814814814814815,
                0.9814814814814815,
                0.9814814814814815,
                0.9814814814814815,
                0.9814814814814815,
                0.9814814814814815,
                0.9814814814814815,
                0.9814814814814815,
                0.9814814814814815,
                1.0,
                1.0,
                1.0,
                1.0,
                1.0,
                1.0,
                1.0,
                1.0
            ]
        },
        "confusion_matrix": [
            [
                91,
                9
            ],
            [
                10,
                44
            ]
        ]
    },
    "Gradient Boosting": {
        "accuracy": 0.8441558441558441,
        "precision": 0.8424575424575425,
        "recall": 0.8441558441558441,
        "f1_score": 0.7692307692307693,
        "roc_auc": 0.9216666666666666,
        "roc_curve": {
            "fpr": [
                0.0,
                0.0,
                0.0,
                0.01,
                0.01,
                0.04,
                0.04,
                0.07,
                0.07,
                0.1,
                0.1,
                0.11,
                0.11,
                0.12,
                0.12,
                0.14,
                0.14,
                0.15,
                0.15,
                0.19,
                0.19,
                0.23,
                0.23,
                0.25,
                0.25,
                0.28,
                0.28,
                0.35,
                0.35,
                0.43,
                0.43,
                0.44,
                0.46,
                0.62,
                0.64,
                0.71,
                0.71,
                1.0
            ],