{
    "Logistic Regression": {
        "accuracy": 0.875,
        "precision": 0.8748951216588757,
        "recall": 0.875,
        "f1_score": 0.8878048780487805,
        "roc_auc": 0.9331659493065518,
        "roc_curve": {
            "fpr": [
                0.0,
                0.0,
                0.0,
                0.012195121951219513,
                0.012195121951219513,
                0.024390243902439025,
                0.024390243902439025,
                0.036585365853658534,
                0.036585365853658534,
                0.04878048780487805,
                0.04878048780487805,
                0.06097560975609756,
                0.06097560975609756,
                0.07317073170731707,
                0.07317073170731707,
                0.08536585365853659,
                0.08536585365853659,
                0.0975609756097561,
                0.0975609756097561,
                0.12195121951219512,
                0.12195121951219512,
                0.14634146341463414,
                0.14634146341463414,
                0.15853658536585366,
                0.15853658536585366,
                0.32926829268292684,
                0.32926829268292684,
                0.4024390243902439,
                0.4024390243902439,
                0.5,
                0.5,
                0.5487804878048781,
                0.5487804878048781,
                0.6585365853658537,
                0.6585365853658537,
                0.7439024390243902,
                0.7439024390243902,
                1.0
            ],
            "tpr": [
                0.0,
                0.00980392156862745,
                0.2647058823529412,
                0.2647058823529412,
                0.4117647058823529,
                0.4117647058823529,
                0.5098039215686274,
                0.5098039215686274,
                0.6274509803921569,
                0.6274509803921569,
                0.7058823529411765,
                0.7058823529411765,
                0.7843137254901961,
                0.7843137254901961,
                0.803921568627451,
                0.803921568627451,
                0.8137254901960784,
                0.8137254901960784,
                0.8529411764705882,
                0.8529411764705882,
                0.8921568627450981,
                0.8921568627450981,
                0.9019607843137255,
                0.9019607843137255,
                0.9411764705882353,
                0.9411764705882353,
                0.9509803921568627,
                0.9509803921568627,
                0.9607843137254902,
                0.9607843137254902,
                0.9705882352941176,
                0.9705882352941176,
                0.9803921568627451,
                0.9803921568627451,
                0.9901960784313726,
                0.9901960784313726,
                1.0,
                1.0
            ]
        },
        "confusion_matrix": [
            [
                70,
                12
            ],
            [
                11,
                91
            ]
        ]
    },
    "KNN": {
        "accuracy": 0.8858695652173914,
        "precision": 0.8858754619073828,
        "recall": 0.8858695652173914,
        "f1_score": 0.8985507246376812,
        "roc_auc": 0.9266499282639886,
        "roc_curve": {
            "fpr": [
                0.0,
                0.04878048780487805,
                0.06097560975609756,
                0.14634146341463414,
                0.18292682926829268,
                0.3902439024390244,
                1.0
            ],
            "tpr": [
                0.0,
                0.45098039215686275,
                0.8431372549019608,
                0.9117647058823529,
                0.9411764705882353,
                0.9705882352941176,
                1.0
            ]
        },
        "confusion_matrix": [
            [
                70,
                12
            ],
            [
                9,
                93
            ]
        ]
    },
    "Naive Bayes": {
        "accuracy": 0.8695652173913043,
        "precision": 0.87206645256917,
        "recall": 0.8695652173913043,
        "f1_score": 0.8787878787878788,
        "roc_auc": 0.944285031085605,
        "roc_curve": {
            "fpr": [
                0.0,
                0.0,
                0.0,
                0.012195121951219513,
                0.012195121951219513,
                0.024390243902439025,
                0.024390243902439025,
                0.036585365853658534,
                0.036585365853658534,
                0.04878048780487805,
                0.04878048780487805,
                0.07317073170731707,
                0.07317073170731707,
                0.08536585365853659,
                0.08536585365853659,
                0.0975609756097561,
                0.0975609756097561,
                0.10975609756097561,
                0.10975609756097561,
                0.12195121951219512,
                0.12195121951219512,
                0.15853658536585366,
                0.15853658536585366,
                0.2073170731707317,
                0.2073170731707317,
                0.23170731707317074,
                0.23170731707317074,
                0.5121951219512195,
                0.5121951219512195,
                0.5609756097560976,
                0.5609756097560976,
                0.7682926829268293,
                0.7682926829268293,
                1.0
            ],
            "tpr": [
                0.0,
                0.00980392156862745,
                0.22549019607843138,
                0.22549019607843138,
                0.49019607843137253,
                0.49019607843137253,
                0.5098039215686274,
                0.5098039215686274,
                0.7352941176470589,
                0.7352941176470589,
                0.7549019607843137,
                0.7549019607843137,
                0.7745098039215687,
                0.7745098039215687,
                0.8137254901960784,
                0.8137254901960784,
                0.8333333333333334,
                0.8333333333333334,
                0.9117647058823529,
                0.9117647058823529,
                0.9411764705882353,
                0.9411764705882353,
                0.9509803921568627,
                0.9509803921568627,
                0.9607843137254902,
                0.9607843137254902,
                0.9705882352941176,
                0.9705882352941176,
                0.9803921568627451,
                0.9803921568627451,
                0.9901960784313726,
                0.9901960784313726,
                1.0,
                1.0
            ]
        },
        "confusion_matrix": [
            [
                73,
                9
            ],
            [
                15,
                87
            ]
        ]
    },
    "Decision Tree": {
        "accuracy": 0.7554347826086957,
        "precision": 0.7604804031872755,
        "recall": 0.7554347826086957,
        "f1_score": 0.7692307692307693,
        "roc_auc": 0.7578909612625538,
        "roc_curve": {
            "fpr": [
                0.0,
                0.21951219512195122,
                1.0
            ],
            "tpr": [
                0.0,
                0.7352941176470589,
                1.0
            ]
        },
        "confusion_matrix": [
            [
                64,
                18
            ],
            [
                27,
                75
            ]
        ]
    },
    "SVM (RBF Kernel)": {
        "accuracy": 0.8641304347826086,
        "precision": 0.8644107822287425,
        "recall": 0.8641304347826086,
        "f1_score": 0.8803827751196173,
        "roc_auc": 0.9423720707795313,