{
    "Logistic Regression": {
        "accuracy": 0.7434,
        "precision": 0.7447750402952578,
        "recall": 0.7434,
        "f1_score": 0.7432023226293718,
        "confusion_matrix": [
            [
                1404,
                444,
                1
            ],
            [
                391,
                1795,
                174
            ],
            [
                0,
                273,
                518
            ]
        ]
    },
    "Decision Tree": {
        "accuracy": 0.9928,
        "precision": 0.9927940374895042,
        "recall": 0.9928,
        "f1_score": 0.9927966298206232,
        "confusion_matrix": [
            [
                1849,
                0,
                0
            ],
            [
                3,
                2341,
                16
            ],
            [
                0,
                17,
                774
            ]
        ]
    },
    "Random Forest": {
        "accuracy": 0.9736,
        "precision": 0.9742283864953443,
        "recall": 0.9736,
        "f1_score": 0.9730749026445801,
        "confusion_matrix": [
            [
                1849,
                0,
                0
            ],
            [
                22,
                2334,
                4
            ],
            [
                0,
                106,
                685
            ]
        ]
    },
    "KNN": {
        "accuracy": 0.6258,
        "precision": 0.6342776303435924,
        "recall": 0.6258,
        "f1_score": 0.6123418603779859,
        "confusion_matrix": [
            [
                1430,
                417,
                2
            ],
            [
                796,
                1476,
                88
            ],
            [
                64,
                504,
                223
            ]
        ]
    },
    "Naive Bayes": {
        "accuracy": 0.7564,
        "precision": 0.7936663061253257,
        "recall": 0.7564,
        "f1_score": 0.7417409651855631,
        "confusion_matrix": [
            [
                1348,
                500,
                1
            ],
            [
                153,
                2178,
                29
            ],
            [
                0,
                535,
                256
            ]
        ]
    },
    "SVM": {
        "accuracy": 0.8174,
        "precision": 0.8190029015834247,
        "recall": 0.8174,
        "f1_score": 0.8168609129906231,
        "confusion_matrix": [
            [
                1547,
                302,
                0
            ],
            [
                238,
                1993,
                129
            ],
            [
                0,
                244,
                547
            ]
        ]
    }
}